symbol,name,entry_price,breakout_price,,
NVDA,NVIDIA,218,231,28-Sep,
TSLA,Tesla,355,,28-Sep,
IREN,,40.8,49,28-Sep,
CRCL,,78.26,95,28-Sep,
NBIS,,223,248,28-Sep,
CRWV,,83.34,88,28-Sep,
CRM,,225,232,28-Sep,
SOFI,,15.11,17.8,28-Sep,
GOOG,,330.5,,,
COHR,,,,,??
BTC-USD,,82518,,,
LITE,,934,974,,
AEHR,,96,,,
AEHR,,90.55,,,
ISRG,,405,,,
NOW,,130.63,135.58,,
HIMS,,26.84,,,??
WMB,,68.55,,,
CBRS,,175,220,,
CBOE,,260,300,,
ON,,71.84,,,
ASTS,,59,64,,
DELL,,535,,,
POET,,7.42,,,
MRVL,,262.83,,,
ARM,,289,,,
CIFR,,15.77,,,
NVTS,,10.7,,,
APLD,,23.97,,,
STX,,800,,,
WDC,,400,,,
AMKR,,52,,,
,,,,,
